id,seq,db,AUGloc
elem0000,AUUUUUUAGGCCUUUUUGUUGCACaugUUC,........((((.....)..)).)......,24
elem0001,AUAUGGCCAGGAGGUUCUCCUUUGAAAaug,........(((((...))))).........,27
elem0002,AAAAUCCCGAGUGCCGUAAAGGCCCAAaug,........(.(.(((.....))))).....,27
elem0003,GUaugGUCGCCAAGGAGGCUUUUUCGAGAU,........(((.....)))...........,2
elem0004,GUUACCUUCGGGGGAACCUCCGUCaugCCA,........(((((....)))))........,24
elem0005,UUUCAAGAAGCGGGCAGCUACAAUaugUUA,........(((.....)))...........,24
elem0006,GCGAAUAAGGAAUCCUUUCCACGAGUUaug,........((((....))))..........,27
elem0007,AAAAAAACCCCCUAAAUGACGGCGAAAaug,........((((.....)..)).)......,27
elem0008,AAAAAAAAGACGGAAAACAAGCAAAAAaug,........(.((.....)..))........,27
elem0009,ACaugACCGCCGCGUAAAUCCGAGCAUACU,........((((.(.....))).)).....,2
elem0010,AAAAAAAAGCCGAAAGGACAAAAAaugAAA,........(((....)).)...........,24
elem0011,UGaugAAAGCGUGUCACGCCCUACAGAUUU,........((((...))))...........,2
elem0012,AAAAAAAAGCGCCCGAAAGGGACCaugAAA,........(.((((....))).))......,24
elem0013,AAAAAAAAGACCUCUAAUGAGCGCAAAaug,........(.((((....))).))......,27
elem0014,CCGACUUUGGCUUUAGCCUAUCAGaugUAC,........(((....)))............,24
elem0015,AUUUUUUACGCUUUAUGaugGACCUUUUUU,........(((.....).))..........,17
elem0016,AAaugACCGAGCGCUAUGACCUCAAAAACC,........(((.((...).)))).......,2
elem0017,GAAGAUAGCaugUUUAGCAUGACCGCCCAA,........(((((...))))).........,9
elem0018,AAAAAAAAGAAUCCGAAaugGCAAAAAAAA,........(...(((...))))........,17
elem0019,AAAAAAAGCCGAGGGAAaugCCGGAAAAAA,........(((.((....).))))......,17
elem0020,AAAACCCCGAGCGCGCAAGACCUCAAAaug,........(((.((....).))))......,27
elem0021,UGUCCCGUGCGGAAAACCGUGUAUaugUCC,........((((....))))..........,24
elem0022,UACCCAACGaugUCUAGCAAAUUAUUUCUU,........(((....)))............,9
elem0023,AUAAGAAAGGCGUGGAAUACCGACCAAaug,........((((.(.....))).)).....,27
elem0024,AUAUUUUGGACUGAUUAaugGCGCUUUUUU,........(.((.....)..))........,17
elem0025,AAAUUACAGUACCACUAAGGUACCaugCAA,........(((((.....))))).......,24
elem0026,UUUGUUUUAGGUCGGCCUCAUUAGUUCaug,........(((....)))............,27
elem0027,AAaugAAUCCCGAAAGGUGGCCGAAAAAAA,........(((....)).)...........,2
elem0028,AAAAAAAAGGGACCUAUGCGCCCAAAAaug,........(((.((...).)))).......,27
elem0029,UAaugUCAUCGAUCCCGAGUAAAACCCAGU,........(((....)))............,2
elem0030,CAAGGGAACCCGCGGACGUGGGCUGAGaug,........(((((....)))))........,27
elem0031,UUCAACCCCaugUCGUUAUGCCCUCUCUCU,........((((....))))..........,9
elem0032,AAAAACCAGGGACUUAAaugCCCAAAAAAA,........(((.((...).)))).......,17
elem0033,AAAAUUAACUAGAUACUGGCGGAUaugAAA,........((((...))))...........,24
elem0034,AAACAAACCCUUUAUAUaugAGCGAAAAAC,........((((.....)..)).)......,17
elem0035,AAaugACAGAAAUCCAAAGGACAAAAAAAC,........(...(((...))))........,2
elem0036,UACCGUACCGUGUCUACaugUCCCUCCCAG,........((((....))))..........,17
elem0037,AAAAAAACCGAUUGAAAaugCUGACCCUAC,........((.((....).)).).......,17
elem0038,ACACAUACCGGUUCUUCACCGCUUUCGaug,........((((.....)))).........,27
elem0039,AAAAAAGGACCGAAAGGaugAAAAGAAGAA,........(((....)).)...........,17
elem0040,AUaugAAACAAUGCAAAGCAGGAAAAAUUU,........(..(((...)))).........,2
elem0041,AAAAAAAAGaugUCCUAUAUGGAGCAAAAA,........(.(.(((.....))))).....,9
elem0042,AAAAAAAAGAAUCCCUAUGGGCAAaugAAA,........(...(((...))))........,24
elem0043,UUCUCCCCGUCUGUCCUaugCUCCUAAAAA,........(..(((...)))).........,17
elem0044,AAAAAAAAGaugCCUCAUGUGGACAAAAAA,........(((.((....).))))......,9
elem0045,UUACAUCCUaugUCCCAUACCUGCAUCUUG,........(((((.....))))).......,9
elem0046,GCUGCAGAGaugAAUGCCACCGAACCUACC,........((((.....)))).........,9
elem0047,AAaugAAAGAGUGCCGAAAAGGCCCAGAAA,........(.(.(((.....))))).....,2
elem0048,UCUAUCCCGCCUCUUUGUGCAUCUaugUCC,........(((.....).))..........,24
elem0049,AAAAAAAUUGGCACGAAAAGGCACaugAAC,........((((.(.....))).)).....,24
elem0050,AAAAAAAAGaugCAAUCGACGACAUAAAAA,........((.((....).)).).......,9
elem0051,CAaugAAUCAGGUACCCACCUGCGAAUUUC,........(((((....)))))........,2
elem0052,AAAAAAAGGaugCCAGUGGCCGAGAAAAAA,........(..(((...)))).........,9
elem0053,AAAAAACCCCGCGCUUUUGACCGGaugAAC,........(((.((....).))))......,24
elem0054,AAaugAAAGGCCUAAAUGAUGCACAAAAAC,........((((.....)..)).)......,2
elem0055,ACAUAAAAUaugAAGCUGAGACAGAUCCAC,........((((...))))...........,9
elem0056,GCGAGAAAGCCGUAAAUaugGCCCACAGUC,........(((((....)))))........,17
elem0057,AAAAAAAAGAGUCGGAAaugCCGCCAAAAA,........(.(.(((.....))))).....,17
elem0058,AAAAAAAAGAUCCCCCUGGGCAAAaugAAA,........(..(((...)))).........,24
elem0059,GCGACUAACUGCAAUCCaugCAGAUAUGAG,........(((((.....))))).......,17
elem0060,AAAAAAAAGaugGAAAAGAUGCACAAAAAA,........((((.....)..)).)......,9
elem0061,GAAAAAAGGaugAAACAUUGAUAACAAGAA,........(((((....)))))........,9
elem0062,AAaugAAAGACCGGUAAUCCGCGCAAAAAC,........(.((((....))).))......,2
elem0063,AAAAUUUUGACCUACCUGCUGCAUaugACC,........(.((.....)..))........,24
elem0064,AAAAAAAAGaugCCUCCGGGUUGCAAAAAA,........(.((((....))).))......,9
elem0065,AAaugACCGAGCGCUAAUGACCUCAAACUG,........(((.((....).))))......,2
elem0066,GGGGGCUAUGAGUAAACGACUCAAUUGaug,........(((((.....))))).......,27
elem0067,UAaugCUGGCACUGUUGGUGCAUCCUAUCG,........(((((...))))).........,2
elem0068,UAAAAAAAGCCGAUCAGCGCACCCUCCaug,........(((.....).))..........,27
elem0069,UAaugUGAUCCGUGAGCGGAGUGUGGGAGG,........((((....))))..........,2
elem0070,AAAACCUGAUCUAUUUGaugUAACAUAACC,........(((.....)))...........,17
elem0071,CAAAAAAUGGCGACUAAaugCGACCUAAAA,........((((.(.....))).)).....,17
elem0072,AAAAACCCGGCUAAUGCACAAAAAAAAaug,........(((....)).)...........,27
elem0073,AAaugAAAGACGGAAAACAAGCAAAAAAAA,........(.((.....)..))........,2
elem0074,CGUUUGUCGUAUCACUGaugCCCUUCAUGU,........(((((...))))).........,17
elem0075,CAAAAAUAUCAUAGGCAaugAAAACUAACG,........((((.....)))).........,17
elem0076,AAAUUCACUCCGCCAGGaugCCCACAAAAG,........(((....)))............,17
elem0077,AAaugAUCCGGUUUUUUCGACUGUCUAGAC,........(((((.....))))).......,2
elem0078,CUGGGCACUAGGGAUACCCUGAAUaugACA,........(((((...))))).........,24
elem0079,GAUUUCACGaugUCAGGCCCCAGUUCCAGC,........(((.....)))...........,9
elem0080,AAAAACCCGaugUAAAUGCAGCAAAAAAAA,........(.((.....)..))........,9
elem0081,UUUUUUUUGUGCUGGUUaugGUCCUUUUUU,........(.((((....))).))......,17
elem0082,AAAAAAAAGaugUAAAGUGCAAAAAGAAAA,........(((.....).))..........,9
elem0083,AAAAAAAAGAAUCCAAAGGACAAAAAAaug,........(..(((...)))).........,27
elem0084,GCaugAUCGGCCAUAACGGCUCUAAACUAC,........((((.....)))).........,2
elem0085,AAAAAACCGGUCCGAAAGUGCACAaugAAA,........((.((....).)).).......,24
elem0086,UUUUUUUACaugUCCCCCGGAGUCUUUUUU,........(...(((...))))........,9
elem0087,AAAAAAAAGaugAAAGGACAAAAAAAAAAA,........(((....)).)...........,9
elem0088,AAAAAAAAGGACCUAAUGCGCGCAAAAaug,........((.((....).)).).......,27
elem0089,AAAAAAACGGGACCUAUGCGCCCAaugAAC,........(((.((...).)))).......,24
elem0090,AAaugAAACCCUAAAUGCGGCCUAAAAAAA,........(((.....).))..........,2
elem0091,CAAGCAAGAUGGGGACCaugAGAAAAAAAA,........((((...))))...........,17
elem0092,UUAGGAACUGGGGUCUACCCAUACaugCGC,........((((.....)))).........,24
elem0093,AAAAAAAGGAAUGCCAUGGGCCGAAAAaug,........(...(((...))))........,27
elem0094,UGAAAUACGGAACUAUUCCUACGAUACaug,........((((...))))...........,27
elem0095,UUUUUUUUUGGUCCGGUAUACGGCaugUUU,........(.(.(((.....))))).....,24
elem0096,AAaugAAAGGACCGAAAGAGCACAAAAAAA,........((.((....).)).).......,2
elem0097,AAAAAAAAGaugUCUCCCUGUGUGCAAUCC,........((((.(.....))).)).....,9
elem0098,AAAAAAAAGaugCCAAUGAGCGCAAAAAAA,........(((.((...).)))).......,9
elem0099,GAAUAAAUGCGUUUCCCGCCACUCAGUaug,........(((.....)))...........,27
